"cervix_area","os_area","walls_area","speculum_area","artifacts_area","cervix_artifacts_area","os_artifacts_area","walls_artifacts_area","speculum_artifacts_area","cervix_specularities_area","os_specularities_area","walls_specularities_area","speculum_specularities_area","specularities_area","area_h_max_diff","rgb_cervix_r_mean","rgb_cervix_r_std","rgb_cervix_r_mean_minus_std","rgb_cervix_r_mean_plus_std","rgb_cervix_g_mean","rgb_cervix_g_std","rgb_cervix_g_mean_minus_std","rgb_cervix_g_mean_plus_std","rgb_cervix_b_mean","rgb_cervix_b_std","rgb_cervix_b_mean_minus_std","rgb_cervix_b_mean_plus_std","rgb_total_r_mean","rgb_total_r_std","rgb_total_r_mean_minus_std","rgb_total_r_mean_plus_std","rgb_total_g_mean","rgb_total_g_std","rgb_total_g_mean_minus_std","rgb_total_g_mean_plus_std","rgb_total_b_mean","rgb_total_b_std","rgb_total_b_mean_minus_std","rgb_total_b_mean_plus_std","hsv_cervix_h_mean","hsv_cervix_h_std","hsv_cervix_s_mean","hsv_cervix_s_std","hsv_cervix_v_mean","hsv_cervix_v_std","hsv_total_h_mean","hsv_total_h_std","hsv_total_s_mean","hsv_total_s_std","hsv_total_v_mean","hsv_total_v_std","fit_cervix_hull_rate","fit_cervix_hull_total","fit_cervix_bbox_rate","fit_cervix_bbox_total","fit_circle_rate","fit_circle_total","fit_ellipse_rate","fit_ellipse_total","fit_ellipse_goodness","dist_to_center_cervix","dist_to_center_os","consensus"
0.344646644,0.003079788,0.047521708,0.288215582,0.178584943,0.01656388,0,0.043499833,0.01014938,0.000133238,0,0,0.085833121,0.024906936,0.263560376,37.59445775,15.78502111,21.80943664,53.37947885,109.9184446,38.73542072,71.1830239,148.6538653,55.02961781,22.1603304,32.8692874,77.18994821,38.56136731,38.11905891,0.442308395,76.68042622,95.1097546,51.56505222,43.54470239,146.6748068,48.80847436,40.76522755,8.043246811,89.57370191,5.014627518,2.991943862,167.95278,25.81316345,109.9194467,38.73374051,5.090800639,2.936649982,159.4869159,38.43729372,95.12388874,51.58302946,0.923066594,0.373371375,0.844453818,0.408129653,0.60339908,0.571175289,0.962995322,0.357890258,85.47431125,0.265933125,0.346293521,"'1'"
0.165329348,0,0.048235597,0.504735893,0.50278296,0.007012316,0,0.097404511,0.973837317,0.004055118,0,0,0.054999239,0.02843052,0,59.50588214,24.36187743,35.14400471,83.86775956,122.3660754,44.74240686,77.62366852,167.1084822,78.05843413,30.81872856,47.23970558,108.8771627,54.93246718,39.44741532,15.48505186,94.3798825,101.680459,46.028852,55.65160696,147.709311,63.21893062,43.92591188,19.29301874,107.1448425,4.944381888,2.965108025,130.260492,24.14386745,122.366647,44.74393174,5.08006335,2.894162563,128.2519776,33.00069305,101.7255186,46.0935105,0.850860593,0.194308386,0.646644677,0.255672634,0.497315365,0.332443676,0.894624936,0.184802973,124.7941287,1,0.283059065,"'0'"
0.457010481,0.001681183,0.242887859,0.21285946,0,0,0,0,0,0.001755713,0,0,0.083055499,0.018591423,0.269797542,39.35385078,19.41733204,19.93651874,58.77118282,109.543386,49.75349033,59.78989568,159.2968763,54.64288817,27.78196469,26.86092348,82.42485286,41.24223036,34.19635573,7.045874628,75.43858609,109.5923418,57.57663991,52.01570188,167.1689817,53.47024087,38.34439077,15.12585009,91.81463164,5.049946004,2.983966152,163.5769788,24.97304163,109.5442013,49.75365898,5.078936248,2.968023065,162.2686588,33.59079199,109.5971266,57.58451511,0.918514331,0.497554002,0.7474426,0.61143221,0.633924513,0.720922557,0.920286628,0.496595807,94.94869709,0.518739791,0.419375125,"'0'"
0.513243866,0.005711027,0.21378087,0.251819183,0.079795127,0,0,0.017594462,0.007207764,0.001288366,0,0.000315038,0,0.000728595,0.107021601,46.32239138,17.71195737,28.61043401,64.03434876,116.0750867,43.5931245,72.48196217,159.6682112,51.43092336,18.57301638,32.85790698,70.00393975,40.365565,17.25908703,23.10647797,57.62465202,102.6418587,38.60699547,64.03486324,141.2488542,50.80520486,18.07210098,32.73310388,68.87730585,5.17765422,2.969214047,156.242754,25.49937913,116.0817698,43.58267108,5.071879008,2.909001964,158.3439459,28.27392764,102.6482783,38.59829998,0.951710017,0.539285977,0.855409062,0.599998163,0.618139715,0.83030398,0.964610847,0.532073496,74.2216702,0.347202216,0.361671987,"'1'"
0.390319468,0.009454114,0.272883628,0.373487226,0,0,0,0,0,0.000196047,0,0.000303865,0.071441544,0.026759037,0.442831491,37.55297897,14.45497452,23.09800445,52.00795349,101.0449058,37.17197342,63.87293237,138.2168792,53.97167143,17.5916689,36.38000253,71.56334033,40.71722852,38.81069892,1.906529601,79.52792744,97.44618498,48.10625265,49.33993233,145.5524376,51.73300353,39.86695643,11.86604709,91.59995996,4.978533654,2.964685483,158.1605782,30.30889139,101.050711,37.16338349,5.051586578,2.923539877,157.1314074,39.43964178,97.45730371,48.12574694,0.955995742,0.408285781,0.882989806,0.442043005,0.62393838,0.625573743,0.957604086,0.407600044,61.54653556,0.437851921,0.673195751,"'1'"
0.553354263,0.009471762,0.094314508,0,0,0,0,0,0,0.005476982,0,0,0,0.003030711,0.362116143,38.85238335,21.54048268,17.31190067,60.39286602,102.9109828,37.27413792,65.63684485,140.1851207,52.29478607,24.43282298,27.86196309,76.72760905,36.14901609,18.24412126,17.90489484,54.39313735,96.26880572,34.8064572,61.46234852,131.0752629,46.88295332,21.68766705,25.19528627,68.57062037,5.048673594,2.970624466,160.6203544,29.44181351,102.9149638,37.28188162,5.083436614,2.961941723,162.3361824,28.44634903,96.27156397,34.81086943,0.981534724,0.563764327,0.788692498,0.701609644,0.735647004,0.752200797,0.994046878,0.556668177,42.33855302,0.558538696,0.310021228,"'1'"
0.543617703,0.00592724,0.329240979,0.086846665,0.052830549,0.097183275,0.000287611,0,0,0.003288733,0,0,0,0.001787813,0.182331646,44.93858855,20.68549108,24.25309747,65.62407963,114.4436607,45.95316196,68.49049878,160.3968227,61.66092474,26.73102085,34.92990389,88.39194559,37.58363232,18.45169089,19.13194144,56.03532321,89.47811765,45.25662908,44.22148858,134.7347467,47.60871375,25.86188494,21.74682881,73.4705987,5.009451495,2.956607924,153.064008,30.37952659,114.4958046,45.88072148,5.101894785,2.897378971,148.3222932,32.20725087,89.52902748,45.2061316,0.952911357,0.570480873,0.779662734,0.697247257,0.711557681,0.763982622,0.987361533,0.550576141,56.53405344,0.292184923,0.269307552,"'1'"
0.510725932,0.010723651,0.11322665,0.211888948,0.084259294,0.16290496,0.294736866,0,0,0.00644362,0.023979822,0,0,0.003290924,0.276559438,39.90152821,26.35871539,13.54281281,66.2602436,100.2724444,57.96709795,42.30534647,158.2395424,53.92424188,32.25922718,21.6650147,86.18346906,37.18705611,20.93844037,16.24861574,58.12549648,89.83951619,47.22040959,42.6191066,137.0599258,47.08180777,26.45642156,20.62538622,73.53822933,5.032917732,2.91957971,151.1399859,37.83607137,100.3082202,57.94397066,5.092295916,2.90965351,150.6660432,33.78489312,89.86563235,47.20220265,0.938775604,0.544034091,0.817866549,0.624461207,0.652148814,0.783143235,0.969134684,0.526991698,73.74683648,0.415107062,0.337638927,"'1'"
0.512959763,0.017649364,0.251530554,0.178131315,0,0,0,0,0,0.00781803,0.002081429,0,0.292037851,0.056031421,0.128039281,52.67553106,27.49881054,25.17672051,80.1743416,90.16161478,36.67015103,53.49146375,126.8317658,82.23064502,29.59461385,52.63603117,111.8252589,65.74996633,51.28101218,14.46895414,117.0309785,100.1913052,56.05078255,44.14052267,156.2420878,76.45003306,35.21812699,41.23190607,111.6681601,4.383984941,2.886619921,111.6886578,30.36305695,92.29540295,35.41765356,4.688546117,2.693100527,110.7291463,33.10894294,101.4002376,55.34379691,0.983081841,0.521787446,0.862025529,0.595063308,0.785565751,0.652981322,1.00678586,0.509502351,39.77196109,0.36534042,0.461573698,"'1'"
0.565021103,0.01012961,0.340475427,0.033007464,0,0,0,0,0,0.000774784,0,0,0.108142336,0.004007274,0.092298221,36.75553571,15.39903734,21.35649838,52.15457305,126.5385931,26.4548763,100.0837168,152.9934694,53.96346861,13.9852118,39.97825681,67.94868042,35.16505743,20.09217878,15.07287865,55.25723621,116.1760108,34.14641265,82.0295982,150.3224235,48.9897262,20.49817503,28.49155116,69.48790123,5.037236059,3.027126534,182.3631602,21.28917265,126.5387121,26.45488738,5.065790551,3.01721402,180.456471,23.97987771,116.1769017,34.14964701,0.937471598,0.602707435,0.827041455,0.683183533,0.609441583,0.927112816,0.97333938,0.580497526,100.0802237,0.275810261,0.29597323,"'1'"
0.293491288,0.002371782,0,0.430240291,0,0,0,0,0,0,0,0,0.045951143,0.019770033,0.159567303,35.01828431,13.14211266,21.87617165,48.16039697,111.8743604,34.6304308,77.24392956,146.5047912,53.13416816,17.42200397,35.71216419,70.55617213,39.49321304,36.35412613,3.139086916,75.84733917,111.4343315,54.20534812,57.22898341,165.6396796,52.3842054,37.32925749,15.05494791,89.71346289,4.997095511,3.036552333,174.5792112,19.65782501,111.8743604,34.6304308,5.042258019,3.004890165,170.3399693,33.70706001,111.440843,54.22239012,0.982553475,0.298702611,0.781380428,0.375606142,0.791021327,0.371028287,0.987838252,0.297104599,46.05075016,0.361524164,0.376736467,"'1'"
0.489216407,0.003477509,0.171965375,0.057901855,0,0,0,0,0,0.000181471,0,0,0.086338216,0.005087921,0.188712743,34.22718582,15.72448589,18.50269993,49.95167172,80.77135217,44.43567569,36.33567648,125.2070279,44.15820286,23.16460026,20.9936026,67.32280311,33.05230579,21.70215414,11.35015165,54.75445993,76.52584064,43.33290133,33.1929393,119.858742,41.56230714,26.49189722,15.07040992,68.05420435,5.099919942,2.870296121,144.1206968,36.29372516,80.82939508,44.37735251,5.105022351,2.876631908,146.1716178,36.90485627,76.56348269,43.30577533,0.953806288,0.512909605,0.814108737,0.600922683,0.557192305,0.878002804,0.977690542,0.500379604,113.9441213,0.16382541,0.224643618,"'1'"
0.203493295,0,0.051256344,0.301395808,0.121345415,0.007676026,0,0.368240507,0.005736842,0.083073842,0,0.041389957,2.03e-05,0.019029193,0,166.1358202,44.30178015,121.8340401,210.4376004,225.5242167,55.75665982,169.7675568,281.2808765,48.60074397,22.0760674,26.52467658,70.67681137,63.04592293,71.86977637,-8.823853445,134.9156993,92.75037042,99.5700239,-6.819653481,192.3203943,15.99415899,23.46842036,-7.474261367,39.46257935,5.931405446,3.104883238,203.6783063,19.87687039,225.5244716,55.75570334,5.469168253,2.316990705,153.6179192,107.0346891,92.76278409,99.55868146,0.839317986,0.242450774,0.705276455,0.28852983,0.581106358,0.350182531,0.887587372,0.229265649,68.11893396,1,0.388044343,"'0'"
0.446503295,0.007393651,0.234095999,0.088884451,0,0,0,0,0,0.001720911,0,0,0,0.000768392,0.292822318,37.39896253,16.1701468,21.22881572,53.56910933,66.48718896,22.46630169,44.02088727,88.95349066,42.56231009,16.66426189,25.8980482,59.22657198,35.5666083,14.31095527,21.25565303,49.87756357,62.46746424,23.64541324,38.822051,86.11287749,41.96746731,18.09137119,23.87609611,60.0588385,5.098579733,2.819640766,119.4708261,35.86142158,66.58336071,22.37434407,5.085418925,2.732103056,118.8240596,36.82083477,62.79386266,23.36502218,0.972755275,0.459008866,0.831639756,0.536895082,0.702655298,0.635451403,1.001125551,0.446001298,67.46638155,0.127936343,0.249921216,"'0'"
0.298494477,0,0,0.431679522,0.085491015,0.144720082,0,0,0.002778846,0.009747071,0,0,0.088475552,0.041104403,0,98.50882576,36.13408822,62.37473754,134.642914,147.128899,56.48361169,90.64528729,203.6125107,40.03117138,22.8039711,17.22720028,62.83514248,60.39130768,59.70128564,0.69002204,120.0925933,95.40845109,81.39395472,14.01449637,176.8024058,24.66315329,44.43481314,-19.77165986,69.09796643,5.818773794,3.066098001,188.0245444,30.5809691,147.1489436,56.48305869,5.560604532,2.668329095,176.941342,90.93431558,95.44702072,81.42715866,0.966151859,0.308951925,0.776610582,0.384355408,0.61894416,0.482263985,0.97732729,0.305419157,111.7757086,1,0.518495684,"'1'"
0.464814013,0.011422666,0.059258958,0.378576263,0.121139838,0.12480712,0.000709423,0.038577949,0.020508383,0.005887998,0.000457184,0,0.04111133,0.018300598,0.089266438,30.90019914,24.01283993,6.88735921,54.91303907,74.55019618,40.49066286,34.05953333,115.040859,59.94285358,32.82019875,27.12265482,92.76305233,44.07117273,39.84284625,4.228326482,83.91401898,88.01174936,51.0223668,36.98938256,139.0341162,52.6859326,38.36494642,14.32098618,91.05087902,4.545495718,2.816933038,153.837039,41.76956993,76.87174752,38.87433123,4.905985073,2.684393083,155.1540244,44.18388922,89.12524797,50.14705234,0.909841121,0.510873824,0.793635033,0.585677287,0.698090731,0.665836105,0.964333352,0.482005535,89.23978949,0.465796496,0.50769422,"'1'"
0.407628136,0.006919674,0.12187051,0.338940695,0,0,0,0,0,0.001261695,0,0,0.002962508,0.001518417,0.195365155,20.95366671,13.41820478,7.535461933,34.37187149,52.58882484,21.7991896,30.78963524,74.38801444,32.66155934,14.53699689,18.12456244,47.19855623,21.90653164,20.50530841,1.401223229,42.41184005,45.53646344,27.54718472,17.98927872,73.08364815,27.63324721,16.26277702,11.37047019,43.89602423,4.895973254,2.850872856,154.3529681,45.43968971,52.69754803,21.69286304,4.98895548,2.726978832,147.2558196,49.38669059,45.93470807,27.7883575,0.957826571,0.425576141,0.844972691,0.482415752,0.692366198,0.588746443,0.991298411,0.411206284,54.28636283,0.365394319,0.224893945,"'0'"
0,0,1,0,0,0,0,0,0,0,0,5.82e-05,0,5.82e-05,0,0,0,0,0,0,0,0,0,0,0,0,0,5.403259086,10.60696695,-5.203707864,16.01022604,26.23348415,24.7519292,1.481554952,50.98541336,7.773722203,12.95620695,-5.182484751,20.72992916,3.141592654,0,0,0,0,0,5.159751892,2.938888714,224.6770272,43.91749618,26.25213068,24.73686699,0,0,0,0,0,0,0,0,0,1,1,"'0'"
0,0,0.430444151,0.540775665,0,0,0,0,0,0,0,0.004459232,0,0.00191945,0,0,0,0,0,0,0,0,0,0,0,0,0,66.55364971,57.14199753,9.411652182,123.6956472,110.5781158,94.54746454,16.03065128,205.1255804,35.97397262,32.02271666,3.951255959,67.99668928,3.141592654,0,0,0,0,0,5.712495831,2.991407179,171.6682626,42.01305545,110.6006349,94.52420446,0,0,0,0,0,0,0,0,0,1,1,"'0'"
0.817622232,0.010568424,0.064469224,0.082211604,0,0,0,0,0,0.004021249,0,0,0,0.003287862,0.310875588,34.20626895,18.77839463,15.42787432,52.98466358,139.0490664,44.1524739,94.89659252,183.2015403,50.57339022,20.23040752,30.34298271,70.80379774,33.14145768,17.50195752,15.63950016,50.6434152,125.4357857,49.66573055,75.77005511,175.1015162,45.52549471,21.53255622,23.99293849,67.05805093,5.090351601,3.030382339,191.4208359,25.50803185,139.05002,44.15490866,5.144038244,2.986521585,188.137429,26.71928572,125.4377572,49.66587544,0.993262033,0.823168716,0.828806409,0.986505682,0.57852143,1.413296362,1.017475477,0.803579301,224.7923338,0.359714269,0.491218574,"'1'"
0.280018855,0.003611595,0.207259757,0.263029909,0.086222071,0.001167684,0,0.009594204,0.010998839,0,0,0,0.003724382,0.000979624,0.628277771,19.35153643,8.054263853,11.29727258,27.40580028,39.22197021,9.290654817,29.93131539,48.51262503,26.76342878,6.741874119,20.02155466,33.5053029,20.43345293,13.11065927,7.322793663,33.54411219,40.02252829,20.09939828,19.92313,60.12192657,26.35506772,14.50146097,11.85360675,40.85652868,4.888605993,2.814945444,133.5180686,44.69215167,39.37657296,9.140706774,4.983474083,2.76024276,131.7245696,46.56297121,40.23420969,20.00167322,0.869385994,0.322088068,0.742715249,0.377020474,0.485340567,0.576953328,0.906512584,0.308896821,182.0216769,0.326971803,0.620119584,"'0'"
0.798322826,0.003220045,0,0.2529409,0,0,0,0,0,6.14e-05,0,0,0,4.9e-05,0.244101262,4.704324971,7.853218451,-3.14889348,12.55754342,23.51024537,18.54656617,4.963679193,42.05681154,6.662879891,8.819071966,-2.156192075,15.48195186,4.834749706,7.733564747,-2.898815041,12.56831445,23.56367861,18.62627901,4.937399602,42.18995762,6.784712358,8.777595329,-1.992882971,15.56230769,5.056812008,2.779706907,202.5160386,75.50179633,23.54789345,18.50734269,5.069916573,2.792558095,204.1772048,72.85737307,23.60058288,18.58889539,0.9947737,0.802517021,0.856694474,0.931864102,0.54546513,1.463563449,0.999980601,0.798338313,363.0910103,0.286860011,0.477729163,"'1'"
0.861645002,0.009660279,0.044505151,0.079140759,0,0,0,0,0,0.000515168,0,0,0,0.000443892,0.080329836,16.19120633,18.84235456,-2.651148231,35.0335609,71.66504189,45.40930963,26.25573226,117.0743515,20.95750497,22.24367862,-1.286173655,43.20118359,14.09997673,18.27133586,-4.171359126,32.37131259,63.66878306,46.74200302,16.92678005,110.4107861,18.16998922,21.80463105,-3.634641829,39.97462028,5.155341991,2.962420181,214.4707008,43.31652392,71.67140372,45.40462047,5.168928515,2.971522247,218.5349726,42.6148791,63.67565574,46.73729863,1.000414117,0.861288328,0.922470756,0.934062133,0.613086759,1.405420994,1.037833599,0.830234253,229.5981708,0.351230219,0.345415014,"'1'"
1,0.004600955,0,0,0,0,0,0,0,0,0,0,0,0,0.121424373,1.652622331,3.082303846,-1.429681516,4.734926177,11.41632482,6.842466954,4.573857865,18.25879177,2.024450798,3.440109134,-1.415658335,5.464559932,1.652622331,3.082303846,-1.429681516,4.734926177,11.41632482,6.842466954,4.573857865,18.25879177,2.024450798,3.440109134,-1.415658335,5.464559932,5.152553191,2.864741322,227.0057461,55.98975364,11.47151438,6.81260761,5.152553191,2.864741322,227.0057461,55.98975364,11.47151438,6.81260761,1.007190341,0.992860991,1.003585375,0.996427434,0.556931433,1.795553172,1.062703737,0.940996033,356.7923783,0.28457565,0.402562574,"'0'"
0.449317457,0.004180718,0.18764236,0.298038064,0.121689506,0.123423963,0.003099344,0.017406252,0.032350932,0,0,0,0,0,0.157824675,27.6434326,11.13216564,16.51126696,38.77559824,125.1870576,30.75380641,94.43325122,155.940864,68.97984279,15.71245867,53.26738411,84.69230146,39.4985168,21.94845945,17.55005735,61.44697625,136.0019091,46.87291909,89.12898998,182.8748282,58.75911948,19.93510082,38.82401866,78.6942203,4.778681706,3.018147032,198.59317,19.0516375,125.1872533,30.75332795,4.975052121,2.854440596,193.5469631,22.84531764,136.0019972,46.87275742,0.997805947,0.450305451,0.892657299,0.503348214,0.576345047,0.77959802,1.022617699,0.439379699,61.38597154,0.657652441,0.643574964,"'1'"
0,0,0.936624305,0,0.06290281,0,0,0.004456495,0,0,0,0.003641071,0,0.003410315,0,0,0,0,0,0,0,0,0,0,0,0,0,16.94075725,27.03070189,-10.08994464,43.97145914,65.2877247,61.27164448,4.016080223,126.5593692,19.53722571,31.48076023,-11.94353452,51.01798593,3.141592654,0,0,0,0,0,5.144957091,2.909790005,207.5741269,65.687302,65.29448717,61.26499389,0,0,0,0,0,0,0,0,0,1,1,"'0'"
0.403342486,0,0.787923183,0,0,0,0,0,0,0.003187753,0,0.001631829,0,0.001285756,0,48.8034008,25.39528302,23.40811778,74.19868382,123.0230812,49.75754518,73.265536,172.7806264,66.76196683,29.09137579,37.67059103,95.85334262,41.76019727,19.35874711,22.40145016,61.11894438,104.8496186,40.60088128,64.24873728,145.4504998,55.01086158,22.84854687,32.16231471,77.85940845,4.993898737,2.966474503,152.3776872,33.45783803,123.0574605,49.70667785,5.042048555,2.953563815,153.0588295,31.85684617,104.872603,40.5679163,0.919878818,0.438473501,0.827227907,0.487583268,0.556565806,0.724698646,0.980927389,0.411184855,244.179648,1,0.51847398,"'0'"
0.598939377,0.007697094,0.400890809,0,0,0,0,0,0,0.002806072,0,0,0,0.001680667,0.441081514,6.089856938,16.81228473,-10.72242779,22.90214167,65.04684124,31.70675889,33.34008235,96.75360013,6.805275067,16.58493304,-9.779657974,23.39020811,4.625272458,13.31173395,-8.686461496,17.93700641,56.59775115,27.50171232,29.09603883,84.09946348,4.944381857,13.17217641,-8.227794554,18.11655827,5.219692948,3.059355559,244.0287452,20.71005739,65.04895066,31.71489397,5.229595995,3.068409208,245.9577476,17.22204412,56.59901548,27.50772233,0.997390592,0.600506343,0.895262754,0.6690096,0.57942169,1.033684772,1.033436729,0.579560761,107.766307,0.32732438,0.662530022,"'1'"
0.452300735,0.004712795,0.041081113,0.196194269,0.046065682,0.004810192,0,0.017335755,0.001268047,0.005661967,0.000649577,0.011955774,0.184069903,0.037660413,0.069523762,89.3531473,39.28496569,50.06818161,128.638113,132.8720149,58.27021784,74.60179707,191.1422327,19.99532108,21.2579303,-1.262609224,41.25325138,82.52190378,49.1205423,33.40136148,131.6424461,139.1115455,65.35110425,73.76044123,204.4626497,23.12274993,40.35553359,-17.23278366,63.47828352,5.883488408,3.077970543,223.2044075,23.98143812,132.9016008,58.27535987,5.75979002,2.981876802,221.109124,46.48775823,139.1557847,65.3904686,0.96694797,0.467761192,0.785001748,0.576177998,0.688668406,0.656775788,0.994934303,0.45460362,66.59735128,0.18982252,0.216428373,"'1'"
1,0.006295536,0,0,0,0,0,0,0,7.65e-05,0,0,0,7.65e-05,0.047609718,27.74754176,12.01012814,15.73741362,39.7576699,53.22428794,24.66942792,28.55486002,77.89371585,32.88856473,15.41449031,17.47407442,48.30305504,27.74754176,12.01012814,15.73741362,39.7576699,53.22428794,24.66942792,28.55486002,77.89371585,32.88856473,15.41449031,17.47407442,48.30305504,5.107324855,2.799133964,126.4436563,37.41456238,53.36568133,24.54722762,5.107324855,2.799133964,126.4436563,37.41456238,53.36568133,24.54722762,1.007190341,0.992860991,1.003585375,0.996427434,0.556931433,1.795553172,1.062703737,0.940996033,356.7923783,0.354895606,0.402562574,"'0'"
0.713511005,0.022630007,0,0,0,0,0,0,0,0.001750527,0,0,0,0.00124902,0.078210941,9.720753214,15.3427533,-5.622000089,25.06350652,33.1116456,23.97415523,9.137490368,57.08580083,12.82396885,15.8136913,-2.989722453,28.63766015,7.338521258,13.60190133,-6.26338007,20.94042259,25.23218309,24.20997827,1.022204822,49.44216136,9.567832827,14.42235082,-4.854517989,23.99018364,5.109291977,2.877164326,201.5582494,50.40131558,33.16051625,23.9715504,4.926581441,2.637544963,173.0825639,87.6962869,25.28735122,24.20168828,0.973785554,0.732718823,0.817202361,0.873114224,0.629160444,1.134068444,0.993205909,0.718391825,137.8776406,0.420092298,0.367183879,"'0'"
0.421764888,0.002715011,0.624143718,0,0,0,0,0,0,0.000297593,0,0,0,0.000125514,0.349085708,9.265108229,16.72092645,-7.455818225,25.98603468,37.44743531,33.53139686,3.916038457,70.97883217,12.65484803,18.68543978,-6.030591748,31.34028781,4.712361016,11.699229,-6.986867988,16.41159002,19.99279058,26.98573568,-6.992945096,46.97852626,5.983294352,13.5141624,-7.530868051,19.49745676,5.150951794,2.951712898,217.4266079,39.45872286,37.46430149,33.52033251,5.045488995,2.704594933,195.5968695,85.52029182,20.05109351,26.95406403,0.915222019,0.460833415,0.768834301,0.548577096,0.64117365,0.657801344,0.956650567,0.440876641,117.4197079,0.446151722,0.350179361,"'0'"
0.586426736,0.006360016,0.102974935,0.048829782,0.16851866,0,0,0.027655274,0,0.003158282,0,0,0,0.001852101,0.066637826,25.74851907,23.39587331,2.352645765,49.14439238,81.43086582,32.87576413,48.55510169,114.3066299,31.48798052,22.05117501,9.436805512,53.53915552,19.49391715,21.64320088,-2.149283732,41.13711803,65.71033136,35.43453064,30.27580072,101.144862,22.44323692,21.4594938,0.983743119,43.90273073,5.122642546,2.963232818,188.4414826,34.49372834,81.43149678,32.87817533,5.177824753,2.968468913,203.5190567,38.30103091,65.71100485,35.43554347,0.98900718,0.592944872,0.876559522,0.6690096,0.606621934,0.966708756,1.011873583,0.579545455,107.6183473,0.272237491,0.28810283,"'1'"
0.8088479,0.02156613,0.180023141,0,0,0,0,0,0,0.008670968,0,0,0,0.007013494,0.284741379,26.5353958,25.26366327,1.271732531,51.79905907,124.9766714,50.60088103,74.37579039,175.5775525,39.47143706,26.43853351,13.03290354,65.90997057,25.34891445,23.18313244,2.165782016,48.53204689,117.8182553,48.7791737,69.03908159,166.597429,37.33752327,24.43305312,12.90447014,61.77057639,5.114896877,3.024793033,201.9376795,30.09851012,124.9811396,50.61196994,5.116114142,3.022790049,201.2438743,28.85320603,117.8218707,48.78901192,0.957307733,0.844919426,0.946366152,0.854688112,0.564429726,1.433035616,0.997967991,0.810494832,162.9937346,0.556176445,0.523769929,"'1'"
0.580885774,0.014224762,0.45784878,0,0,0,0,0,0,0.001881425,0,0,0,0.001092893,0.087040449,8.559185628,18.29163496,-9.732449335,26.85082059,61.35320838,32.40170993,28.95149844,93.75491831,10.04322927,18.80793541,-8.76470614,28.85116469,5.574677949,14.48767687,-8.912998922,20.06235482,43.58787838,33.30596857,10.28190981,76.89384695,6.388791267,15.05978162,-8.670990349,21.44857288,5.210914263,3.036722914,236.2319053,24.306415,61.35535589,32.41012117,5.217222432,3.036387132,238.2390098,29.51128041,43.5915336,33.30851901,0.936652254,0.620172291,0.892868917,0.650583488,0.543975585,1.067852658,0.969144769,0.599379776,90.81490986,0.347817479,0.361741987,"'1'"
0.245499721,0.001379409,0.058315614,0.515989862,0,0,0,0,0,0.015724377,0,0.000209983,0.106172601,0.058648854,0.025151619,95.95759559,47.76930656,48.18828903,143.7269022,138.6238599,65.53420568,73.08965427,204.1580656,28.00363324,24.12598795,3.877645287,52.1296212,77.37046312,57.21015562,20.16030749,134.5806187,127.6420791,70.8680677,56.77401143,198.5101468,24.48492604,49.76964766,-25.28472162,74.2545737,5.831102539,2.99253208,204.6932275,44.31619219,138.6844679,65.56037763,5.696442718,2.902888938,205.4413726,76.47254322,127.6928053,70.8765255,0.956546118,0.256652258,0.868482714,0.282676577,0.654582429,0.375047832,0.980797868,0.250306132,57.60941429,0.594360614,0.604944703,"'1'"
0.43333553,0.0037995,0.064180931,0.225302723,0.157476379,0.007072344,0,0.525262074,0.011384282,0.002472596,0,0,0.013302265,0.0040685,0.156074866,12.01426529,18.60250941,-6.588244129,30.6167747,78.95726755,38.17906014,40.77820741,117.1363277,12.68238783,17.75062211,-5.068234278,30.43300994,8.895033307,22.53527764,-13.64024433,31.43031095,60.55729269,43.17649966,17.38079303,103.7337923,9.287501225,22.3454015,-13.05790028,31.63290273,5.224637842,3.054746756,233.0619783,25.16651228,78.96400921,38.20184182,5.145866294,2.918317359,218.1102138,70.87850324,60.57041352,43.19771617,0.962602437,0.450170822,0.727263461,0.595843946,0.670807194,0.645991179,0.979447081,0.442428732,72.17725883,0.532548153,0.534567595,"'1'"
0.49991678,0.022175658,0.118806136,0.200534699,0.214767229,0.004665371,0,0.049180658,0.106338095,0.006591564,0,0.001674881,0.156947126,0.035370543,0.075979496,130.7336227,31.9085579,98.82506477,162.6421806,190.8308322,46.11003582,144.7207964,236.9408681,48.08183624,17.7776082,30.30422804,65.85944444,118.9964274,43.82414818,75.17227926,162.8205756,178.502146,54.34114381,124.1610022,232.8432898,43.94264609,37.68840709,6.254238992,81.63105318,5.843803758,3.099779336,190.550133,18.23543433,190.8388887,46.11647621,5.816554954,3.06786382,194.4756227,37.11877977,178.5166475,54.35690417,0.826676331,0.604730971,0.697038628,0.71720097,0.560830649,0.891386341,0.895063831,0.558526401,123.3414063,0.497224019,0.523162628,"'1'"
0.410084411,0.006475974,0.109785109,0.396465179,0.048505822,0,0,0.115099826,0.015460868,0.004709956,0.000945441,0.003122649,0.04339476,0.018557749,0.219749216,101.1942698,45.76705798,55.42721186,146.9613278,174.0920743,72.87671968,101.2153546,246.968794,28.14847474,19.43154515,8.716929585,47.58001989,75.74952549,52.9867945,22.762731,128.73632,134.224539,80.05148348,54.17305549,214.2760224,21.49566823,31.67049983,-10.1748316,53.16616806,5.728172354,3.045008387,214.6869042,34.41296494,174.0968929,72.87316491,5.663654667,2.940802084,211.5551987,61.23301968,134.2423865,80.05128496,0.92032822,0.445584958,0.763128551,0.537372649,0.693730433,0.591129337,0.928847532,0.44149809,59.55529036,0.489037411,0.344762826,"'1'"
0.450422139,0.015130554,0.241373272,0.239052608,0.008345783,0.018528802,0.217052781,0,0,0.011377454,0.020778619,0.007711232,0,0.007001249,0.174092849,127.3577506,36.53025191,90.8274987,163.8880025,183.8146382,55.47006049,128.3445777,239.2846986,58.91397186,18.22037864,40.69359322,77.13435049,107.7261125,48.44171375,59.28439873,156.1678262,160.3401958,72.78568537,87.55451044,233.1258812,45.08867126,23.01142912,22.07724214,68.10010038,5.814156273,3.079121973,169.6488174,26.42779123,183.8633687,55.39026172,5.815025515,3.071694336,182.8373029,26.01698088,160.364466,72.76080118,0.90988024,0.495034532,0.834206062,0.5399411,0.60158235,0.748728979,0.943227369,0.47753294,79.2826185,0.528518058,0.432004492,"'1'"
1,0.002583038,0,0,0,0,0,0,0,0,0,0,0,0,0.043348354,22.07722803,5.542217491,16.53501054,27.61944552,33.56141935,7.607376465,25.95404289,41.16879582,24.85273193,6.631397164,18.22133476,31.48412909,22.07722803,5.542217491,16.53501054,27.61944552,33.56141935,7.607376465,25.95404289,41.16879582,24.85273193,6.631397164,18.22133476,31.48412909,5.080626074,2.711425016,97.53887882,33.86574464,33.7502296,7.457800412,5.080626074,2.711425016,97.53887882,33.86574464,33.7502296,7.457800412,1.007190341,0.992860991,1.003585375,0.996427434,0.556931433,1.795553172,1.062703737,0.940996033,356.7923783,0.45232017,0.402562574,"'0'"
0.475217498,0.011235613,0.291567648,0.158059783,0.078194894,0,0,0.011450462,0.027048485,0.000122397,0,0,0.015010311,0.002430692,0.064878813,24.84697868,23.51610641,1.330872271,48.3630851,86.7001711,46.58161448,40.11855662,133.2817856,33.48766901,21.73728896,11.75038005,55.22495797,25.44914528,29.28799766,-3.838852382,54.73714294,86.13056243,52.42557195,33.70499048,138.5561344,28.6789834,28.0574262,0.621557195,56.7364096,5.069732638,2.959982227,199.8651439,35.34018172,86.70058921,46.58099072,5.165434439,2.972271966,204.7994404,39.11053052,86.13299312,52.42830671,0.940114504,0.505488955,0.852795433,0.557246767,0.560347092,0.84807703,0.974283858,0.487760825,158.6235079,0.380924867,0.406249567,"'1'"
1,0,0,0,0,0,0,0,0,3.37e-05,0,0,0,3.37e-05,0,0.168629996,2.787603795,-2.618973799,2.956233791,0.341836672,4.276426923,-3.934590251,4.618263595,0.181046728,2.973291927,-2.792245199,3.154338655,0.168629996,2.787603795,-2.618973799,2.956233791,0.341836672,4.276426923,-3.934590251,4.618263595,0.181046728,2.973291927,-2.792245199,3.154338655,3.155259651,3.086482277,8.012986138,43.11479349,0.378290924,4.323201964,3.155259651,3.086482277,8.012986138,43.11479349,0.378290924,4.323201964,1.007190341,0.992860991,1.003585375,0.996427434,0.556931433,1.795553172,1.062703737,0.940996033,356.7923783,1,0.402562574,"'0'"
0.510919612,0.008079976,0.46978899,0,0,0,0,0,0,0.000443393,0,0,0,0.000226538,0.225309666,21.93034388,19.44517892,2.485164959,41.37552281,70.41413706,36.75477725,33.65935982,107.1689143,24.19120876,17.00628346,7.184925307,41.19749222,15.83048528,18.21811949,-2.387634208,34.04860477,53.40615816,40.83576864,12.57038952,94.2419268,17.46128343,17.44767391,0.013609515,34.90895734,5.15683285,2.940038707,198.2606854,35.46436406,70.42271767,36.74147535,5.113589733,2.849352749,194.188749,63.30879885,53.42429038,40.81461167,0.983308334,0.519592476,0.839951267,0.608272923,0.601534744,0.849360103,0.98390542,0.51927716,105.3261197,0.321566795,0.314149858,"'1'"
0.754140855,0.007659494,0.274334036,0.023821546,0,0,0,0,0,0.002800954,0,0.003001801,0,0.00293581,0.167954851,16.56228377,18.30414615,-1.74186238,34.86642992,71.90720604,40.15815495,31.74905109,112.065361,29.13449223,24.32412783,4.810364402,53.45862005,16.27282524,18.88331879,-2.610493556,35.15614403,67.15712554,40.76422713,26.39289841,107.9213527,25.50226538,25.08110816,0.421157217,50.58337354,5.056892527,2.897462633,204.3771663,34.41181087,71.93204817,40.13592083,5.119479992,2.880236282,207.1398719,35.05587055,67.1814049,40.74368986,0.983239013,0.766996473,0.907955371,0.830592428,0.650259099,1.159754406,1.001079472,0.75332766,117.2131651,0.396748125,0.390839989,"'1'"
1,0.007354574,0,0,0,0,0,0,0,5.51e-05,0,0,0,5.51e-05,0.218505094,2.028464195,4.792422694,-2.763958499,6.820886889,11.69858812,8.441811346,3.256776771,20.14039946,2.469325529,5.42768495,-2.958359421,7.897010479,2.028464195,4.792422694,-2.763958499,6.820886889,11.69858812,8.441811346,3.256776771,20.14039946,2.469325529,5.42768495,-2.958359421,7.897010479,5.159236176,2.849392331,225.2112681,53.19109542,11.78671446,8.401480206,5.159236176,2.849392331,225.2112681,53.19109542,11.78671446,8.401480206,1.007190341,0.992860991,1.003585375,0.996427434,0.556931433,1.795553172,1.062703737,0.940996033,356.7923783,0.329926853,0.402562574,"'0'"
0.205318793,0.001993931,0.046181868,0.161823015,0.063803416,0,0,0.14732725,0,0.016920161,0,0.019223391,0.101114907,0.020382298,0.374943261,142.0607705,36.34474007,105.7160305,178.4055106,211.5439163,48.71239056,162.8315257,260.2563068,47.75682869,19.48491522,28.27191347,67.24174391,80.52656311,59.87538959,20.65117353,140.4019527,126.6463987,87.74580808,38.90059058,214.3922067,27.50106228,31.58574449,-4.084682212,59.08680677,5.836314832,3.094373966,196.8573744,19.78459453,211.5492543,48.70355391,5.808895966,3.013793885,202.1209468,40.09508093,126.6678677,87.72992412,0.951611341,0.215759086,0.745878131,0.275271233,0.604783325,0.339491491,0.993300095,0.206703688,100.4277116,0.236871717,0.189896609,"'0'"
1,0.010290547,0,0,0,0,0,0,0,0.000205592,0.00570821,0,0,0.000205592,0.081296992,25.96973391,13.66656838,12.30316552,39.63630229,83.9824953,22.80466866,61.17782664,106.787164,34.87012453,12.56339504,22.30672949,47.43351957,25.96973391,13.66656838,12.30316552,39.63630229,83.9824953,22.80466866,61.17782664,106.787164,34.87012453,12.56339504,22.30672949,47.43351957,5.08856629,2.984802409,180.1692757,28.22758228,83.98255404,22.80457597,5.08856629,2.984802409,180.1692757,28.22758228,83.98255404,22.80457597,1.015691188,0.984551222,1.007799435,0.992260926,0.586089125,1.706225142,1.067301965,0.936941964,114.5821303,0.396630784,0.299704373,"'1'"
0.220655308,0.002258117,0.117496994,0.405366646,0.176305733,0.086648973,0.369802493,0.02584483,0.012359556,0.00302998,0,0,0.097699934,0.04031152,0.065762234,124.6304736,25.05413483,99.57633873,149.6846084,182.4801244,34.41433689,148.0657875,216.8944613,45.6364466,15.18466704,30.45177956,60.82111363,72.1412189,60.20823377,11.93298512,132.3494527,115.4223893,82.24674392,33.17564538,197.6691332,25.63832901,44.48553759,-18.84720858,70.12386659,5.842027459,3.106178917,192.3749049,14.9629391,182.481037,34.41546073,5.693529444,2.904560776,206.3142817,68.28290481,115.4539148,82.27903068,0.937812334,0.235287275,0.724821057,0.304427287,0.619086113,0.356421027,0.944992794,0.233499461,87.62330815,0.64694547,0.626981913,"'1'"
0.173480479,0.005603292,0.143399784,0.260182637,0.05875965,0,0,0.025113664,0,0.012357053,0.003824407,0.001003364,0.026285147,0.009171728,0.100906809,122.9022921,45.77820793,77.12408415,168.6805,180.1595328,67.71288213,112.4466507,247.8724149,74.3395451,34.59297102,39.74657408,108.9325161,63.36171385,60.61965075,2.742063103,123.9813646,100.359972,89.71837125,10.64160071,190.0783432,27.91060014,37.83450834,-9.923908202,65.74510849,5.733513198,3.04635841,148.11615,36.23496764,180.2279968,67.69044857,5.453432661,2.483744163,148.9802606,97.04847618,100.3825615,89.72504895,0.810301555,0.214093726,0.687390092,0.252375588,0.442072495,0.392425406,0.861562916,0.201355554,218.0411302,0.57143038,0.537470008,"'1'"
0.524618691,0.009759766,0.131102372,0.327251154,0.028314286,0.053971173,0.250020296,0,0,0.003769625,0.001254671,0,0.021225732,0.008923761,0.227231597,85.95351898,48.61205271,37.34146626,134.5655717,145.254283,73.7324071,71.52187588,218.9866901,25.19373886,23.25460083,1.939138036,48.44833969,78.41848611,48.93309367,29.48539244,127.3515798,142.9430624,74.12448062,68.81858181,217.067543,19.70651389,26.8474804,-7.14096651,46.55399428,5.75465589,3.086709543,218.9946135,27.14640712,145.2557388,73.73393778,5.717892331,3.065388797,227.6995126,30.59671416,142.9446849,74.12540125,0.925678004,0.566739934,0.790874468,0.663340027,0.531355948,0.987320633,0.949138719,0.552731314,147.8851915,0.21988443,0.360362819,"'1'"
0.290551444,0.004783325,0,0.260486057,0.046368669,0.006840261,0,0,0.007867902,0.02619305,0,0,0.104108669,0.034087848,0.138691385,107.9774017,41.46225482,66.51514685,149.4396565,174.279942,59.0614086,115.2185334,233.3413506,38.77944823,32.08470207,6.694746152,70.8641503,69.86119649,58.11543349,11.745763,127.97663,121.9224352,79.30410756,42.61832767,201.2265428,21.27558961,40.28706579,-19.01147618,61.5626554,5.77063114,3.087092988,204.0876828,30.58019602,174.2817595,59.06352268,5.632055246,2.891623179,210.1584205,69.78084104,121.9413971,79.32178769,0.938702897,0.309524393,0.767212893,0.378710325,0.654516003,0.443918014,0.963742981,0.301482293,54.61389057,0.626685699,0.665123668,"'1'"
0.370641238,0.01581006,0.321740098,0.205505378,0.043279276,0,0,0,0.007628269,0.007780094,0,0.00188395,0.198600669,0.042524858,0.21603194,94.48168975,33.99137079,60.49031896,128.4730605,148.8246694,46.06685373,102.7578157,194.8915232,25.87391118,20.39356674,5.480344445,46.26747792,86.18801736,45.64890956,40.53910781,131.8369269,144.7325658,54.82941205,89.90315371,199.5619778,28.31389596,42.47313578,-14.15923982,70.78703175,5.806455513,3.069558646,214.1125373,23.25285931,148.8281355,46.06335546,5.738143207,3.037405045,214.20637,44.24233655,144.7502327,54.85579149,0.818663766,0.452739273,0.615282349,0.602392119,0.490464406,0.755694468,0.815685403,0.454392388,187.1261064,0.249876185,0.262740279,"'0'"
0.426058474,0.005900265,0.170116635,0.196342498,0.116178944,0.008615898,0,0.204366711,0.061558946,0.018758331,0,0.003189004,0.083860294,0.024368143,0.07105147,141.6072082,28.61428084,112.9929273,170.221489,216.1295634,42.98761529,173.1419481,259.1171787,40.78146759,19.33806493,21.44340266,60.11953253,101.2312922,53.37909431,47.85219794,154.6103866,153.2766427,77.12954832,76.14709438,230.406191,30.98715468,28.97198644,2.015168242,59.95914112,5.844163327,3.103047859,207.4134153,18.41290268,216.1300223,42.98790382,5.846897988,3.078997617,204.7028036,29.29520678,153.2929871,77.12102983,0.876629379,0.486018931,0.756893542,0.562904095,0.544731234,0.782144381,0.956973409,0.445214538,208.2975329,0.525073515,0.507245176,"'1'"
0.285364444,0.005939258,0.021758081,0.35092476,0.146309027,0.092977382,0.639657668,0.094189492,0.019217355,0.004634397,0.007727541,0.001595132,0.070085339,0.026449843,0.194135384,106.1685851,34.60021175,71.56837333,140.7687968,160.9568544,51.69587927,109.2609752,212.6527337,33.07440657,17.98387895,15.09052762,51.05828553,67.42304136,57.92427683,9.498764537,125.3473182,110.5202598,83.04965443,27.47060541,193.5699143,21.05353644,36.82463244,-15.77109599,57.87816888,5.830326567,3.085405892,204.8138339,23.314342,160.957827,51.69697133,5.6430146,2.823712369,202.3743908,74.75253302,110.5372288,83.07278603,0.895532787,0.318653262,0.689467514,0.413891066,0.54267352,0.525849214,0.951552723,0.299893466,267.1794428,0.375809353,0.373910613,"'1'"
0.599267491,0.005857034,0.203876609,0.15128572,0,0,0,0,0,0.004965408,0,0,0.047714874,0.01019421,0.113516959,11.82721044,23.20639622,-11.37918578,35.03360666,89.99509216,39.69365218,50.30143998,129.6887443,20.55699367,24.57010239,-4.013108722,45.12709606,10.77583146,26.96502706,-16.18919561,37.74085852,73.42367506,46.2351247,27.18855036,119.6587998,17.10180434,28.98957366,-11.88776931,46.091378,5.12589014,3.018639993,232.5387959,27.93902185,90.00045405,39.71192757,5.152619643,3.000793119,233.1070637,34.90231031,73.437999,46.26749007,0.978639492,0.612347546,0.88613505,0.676271062,0.73517717,0.815133434,0.993908839,0.602940096,58.80080424,0.5,0.476774211,"'1'"
0.389860917,0.007029293,0.075378608,0.405804823,0.098241311,0.090321181,0.349113012,0.01478985,0.01528443,0.006764969,0,0.001990019,0.054726023,0.024309977,0.303180935,104.9642857,31.42389054,73.54039518,136.3881763,161.5845259,46.9874906,114.5970353,208.5720165,29.37215037,19.57599096,9.796159414,48.94814133,72.15083146,57.57003911,14.58079234,129.7208706,114.7322076,83.11199331,31.62021427,197.8442009,19.84218872,33.40946409,-13.56727536,53.25165281,5.841584694,3.065295828,211.2799759,21.75705377,161.6545297,46.95696303,5.649011789,2.686514986,183.3504604,90.17913746,114.8192441,83.10028223,0.972496853,0.40088656,0.730513439,0.533680692,0.667276326,0.584257079,0.98596663,0.39540985,93.11047757,0.564530654,0.383141427,"'1'"
0.616233963,0.007985795,0.134116888,0.195735995,0.140072701,0.001346487,0,0.765429252,0.034418088,0.003770557,0,0.00090963,0.023522664,0.006998188,0.192223752,21.8897944,24.75842555,-2.868631149,46.64821995,87.39918653,42.96942275,44.42976378,130.3686093,27.5101808,26.35756559,1.152615213,53.86774639,21.94695337,27.95946774,-6.012514375,49.90642111,90.56233775,49.34072398,41.22161377,139.9030617,24.96297634,28.9603282,-3.997351856,53.92330454,5.140777533,2.964909306,212.2116366,34.07335415,87.40170631,42.97745788,5.181135319,2.991944415,215.8513023,35.37567986,90.56870224,49.35796569,0.967897379,0.63667283,0.843649766,0.730438137,0.646259473,0.953539545,0.983853967,0.626346983,103.6562689,0.397520278,0.376923109,"'1'"
0.205167215,0.004421497,0.131377962,0.603026581,0.042585899,0,0,0.097787236,0.003542655,0.076085815,0.15448637,0.035782073,0.026105783,0.035905193,0.127800816,144.3614535,58.70007173,85.66138178,203.0615252,196.4058425,77.27939047,119.1264521,273.685233,51.49412184,25.05635155,26.43777029,76.55047338,108.2832766,55.52600245,52.7572741,163.809279,168.6147057,75.51657723,93.09812848,244.1312829,35.42735256,29.53557501,5.891777552,64.96292757,5.90621505,3.082711922,188.1313858,19.40320807,196.4059138,77.27925041,5.809811299,3.052616439,202.8561883,31.41335842,168.619963,75.51298095,0.927139602,0.221290531,0.804784946,0.254934211,0.572265556,0.358517497,0.95574406,0.214667528,54.49827033,0.409300537,0.455430528,"'0'"
0.350260705,0.010076029,0.051393477,0.099658153,0,0,0,0,0,0.005318233,0,0.03740163,0.2083603,0.024230498,0.154633888,97.18447656,40.26037185,56.92410471,137.4448484,144.912524,59.50959135,85.40293267,204.4221154,30.05840087,18.84973666,11.20866421,48.90813753,101.2719249,41.43931654,59.83260839,142.7112415,167.4683829,59.46961051,107.9987724,226.9379934,34.2112312,29.23769493,4.97353627,63.44892614,5.854736636,3.100463644,204.5937422,20.05258371,144.9125658,59.50951454,5.770813242,3.057164058,204.7814409,28.08376577,167.4733318,59.47657412,0.929514924,0.376820959,0.876694587,0.399524201,0.505879835,0.692379258,1.002705383,0.349315672,176.6525172,0.768619855,0.75590509,"'0'"
0.499864701,0.001479832,0.107373074,0.256280169,0.039304393,0,0,0.039429845,0.030575936,0.001304477,0,0.000114044,0.117875487,0.030873457,0.143557194,101.3651917,22.01982698,79.34536468,123.3850186,165.8357292,36.617429,129.2183002,202.4531582,32.67888741,12.26616279,20.41272462,44.94505021,86.25761351,46.51143756,39.74617595,132.7690511,143.8522237,61.3650248,82.48719895,205.2172485,29.54674336,36.37754324,-6.830799879,65.9242866,5.778214357,3.107392739,205.8292784,13.21158481,165.8361205,36.61734743,5.72390396,3.039071885,210.0426657,43.8011862,143.8656446,61.37525901,0.960103275,0.520636388,0.830234115,0.602076803,0.627666898,0.796385316,0.997609922,0.50106228,85.13261635,0.349238136,0.442275814,"'1'"
0.448383873,0.009470897,0.072783001,0.337191322,0.061350755,0.136826408,0.25338953,0,0,0.009101009,0,0,0.00107131,0.004441982,0.115550292,101.9465072,34.35775917,67.58874799,136.3042663,170.7027509,53.16824374,117.5345072,223.8709947,27.93025902,23.14801836,4.782240656,51.07827738,74.43087836,42.87958326,31.5512951,117.3104616,140.3707937,68.88517971,71.48561403,209.2559734,16.58881208,20.62341335,-4.034601271,37.21222544,5.775149864,3.085351681,216.560251,24.85086684,170.7083373,53.17457553,5.695082402,3.040018793,230.1543918,27.89884422,140.3754041,68.88454665,0.970862851,0.461840591,0.836487466,0.536031789,0.699004242,0.641460875,0.995130465,0.450577978,100.442594,0.239623042,0.193579422,"'1'"
0.375320587,0.001111777,0.054630859,0.176984098,0.077274432,0,0,0.478812913,0.045140532,0.002479594,0,0,0.043415903,0.00862069,0.287335321,95.35582128,25.41677905,69.93904223,120.7726003,151.2176376,41.05559494,110.1620427,192.2732326,23.09615713,14.55161203,8.544545104,37.64776916,78.03694406,38.32093687,39.7160072,116.3578809,138.8550249,61.50267274,77.35235212,200.3576976,19.79877302,22.80402756,-3.005254541,42.60280058,5.832430863,3.101852369,218.1934539,16.27735178,151.2176865,41.05571662,5.722838263,2.990537635,216.5339991,47.02076794,138.8639303,61.50764816,0.959016908,0.391359718,0.850213048,0.441442986,0.700690038,0.535644246,0.994667458,0.377332729,104.8004507,0.612004799,0.589737129,"'1'"
0.491679128,0.005863697,0.183082533,0.218144638,0,0,0,0,0,0.01263817,0,0,0.367947133,0.084119073,0.159816375,112.1856091,42.68554438,69.50006469,154.8711535,166.8471049,61.80034651,105.0467584,228.6474514,50.1434187,19.59665199,30.54676671,69.74007069,117.4852567,53.44757895,64.03767771,170.9328356,172.7341087,61.32944877,111.4046599,234.0635574,60.16408393,52.71512095,7.448962981,112.8792049,5.787613967,3.079537464,175.9012867,21.84952151,166.8480116,61.8005457,5.749380097,3.012773512,170.0935296,47.1627429,172.7492255,61.34857465,0.851283404,0.577573962,0.690617205,0.711941614,0.559900964,0.878153745,0.884654655,0.555786515,130.5106076,0.369132466,0.354229105,"'1'"
0.274218258,0.003395069,0.069685409,0.282711728,0.101251686,0.001916369,0,0.0248041,0.023087361,0.011052186,0.000983027,0.002426694,0,0.003180716,0.311605365,120.2721663,54.74290877,65.52925757,175.0150751,185.4428481,76.97059005,108.472258,262.4134381,25.84992259,20.50854581,5.341376787,46.3584684,76.84779095,55.89269634,20.95509461,132.7404873,136.4947315,89.82586226,46.6688692,226.3205937,12.61660891,15.99645347,-3.379844559,28.61306238,5.824795057,3.047979682,222.5261563,25.72473531,185.4504327,76.96349249,5.669383435,2.844599451,212.2318433,73.80913658,136.499299,89.82159167,0.910685637,0.301111873,0.742031207,0.369550842,0.573843197,0.477862697,0.906565721,0.302480285,223.0591369,0.433817583,0.554819174,"'1'"
0.325997488,0.00470139,0.08519684,0.23546482,0.057540186,0.070747595,0,0.161931978,0.020632644,0.005072381,0.002568863,0.00704204,0.155585271,0.038217574,0.180135015,110.3973895,23.2396317,87.15775783,133.6370212,151.6983715,30.68293743,121.0154341,182.3813089,42.26055058,17.85412393,24.40642665,60.11467451,67.231779,60.1068052,7.124973793,127.3385842,96.5485771,77.81700286,18.73157424,174.36558,25.57503612,41.58764806,-16.01261193,67.16268418,5.885584519,3.096629979,184.6078108,23.86422004,151.7001143,30.68711106,5.616112709,2.567468213,161.372104,95.22119144,96.5828976,77.83116049,0.957411354,0.340498873,0.841225355,0.38752694,0.646053085,0.504598608,0.971517779,0.335554834,115.0869006,0.550854984,0.450387941,"'1'"
0.274331719,0.004677548,0.119870445,0.402433525,0.148468269,0.206399731,0.116306108,0.603888258,0.053411921,0.072292582,0,0.001481239,0.011958253,0.024677336,0.2175329,159.2093039,35.35563347,123.8536704,194.5649374,227.60276,36.86470351,190.7380565,264.4674635,68.58293918,29.6442783,38.93866088,98.22721748,82.13867494,65.09830107,17.04037386,147.236976,124.9377694,91.6843662,33.25340319,216.6221356,33.08382825,33.28240909,-0.19858084,66.36623734,5.828242281,3.070803489,178.8159145,28.6330109,227.6074119,36.86790251,5.797422095,3.034924021,191.8776021,35.3067893,124.9658601,91.66253221,0.906968361,0.302471101,0.780165083,0.35163291,0.524819871,0.522715953,0.9189948,0.298512809,150.9964881,0.659427218,0.547237472,"'0'"
0.412729371,0.009777462,0.108753083,0.344112593,0.045621021,0,0,0.288716674,0.020496034,0.019168141,0.008852752,0.000795908,0.070778861,0.032260237,0.310602034,132.8891859,43.54319393,89.34599201,176.4323799,189.790399,61.62798352,128.1624155,251.4183825,56.4022499,22.30846079,34.09378911,78.7107107,115.9958029,48.02520266,67.97060026,164.0210056,179.2203694,64.80190497,114.4184645,244.0222744,50.54974958,32.47582772,18.07392186,83.0255773,5.8424546,3.093171774,178.0123456,18.10027809,189.7911544,61.62829576,5.767831986,3.046882308,183.4443298,28.68944529,179.2249982,64.80562187,0.963836784,0.428215003,0.858292115,0.480872845,0.613396879,0.67285861,1.002323471,0.411772629,121.1644797,0.147028238,0.273042349,"'1'"
1,0.006175196,0,0,0,0,0,0,0,0.000272458,0,0,0,0.000272458,0.17804663,27.54591374,10.33905656,17.20685718,37.88497031,69.37069578,19.45861568,49.9120801,88.82931146,34.09108665,11.35027986,22.74080678,45.44136651,27.54591374,10.33905656,17.20685718,37.88497031,69.37069578,19.45861568,49.9120801,88.82931146,34.09108665,11.35027986,22.74080678,45.44136651,5.119691066,2.930243772,157.8546942,29.96871093,69.38142878,19.44131461,5.119691066,2.930243772,157.8546942,29.96871093,69.38142878,19.44131461,1.007190341,0.992860991,1.003585375,0.996427434,0.556931433,1.795553172,1.062703737,0.940996033,356.7923783,0.570287045,0.402562574,"'1'"
0.343463424,0.001261638,0.166741807,0.325836234,0.062104609,0,0,0.044506215,0.060855917,0.020774728,0.043676433,0.001395335,0.010005979,0.010607489,0.261856234,128.9160358,39.39485727,89.52117856,168.3108931,182.1205512,52.26732617,129.853225,234.3878773,45.81703835,28.85474401,16.96229434,74.67178236,81.98673222,56.5134963,25.47323592,138.5002285,122.7811643,76.93529185,45.84587243,199.7164561,24.73138102,28.45833885,-3.72695783,53.18971988,5.869983236,3.091170104,195.7210386,29.77097133,182.1273829,52.272272,5.761714157,2.877943206,194.4779034,70.92499943,122.7905595,76.93348591,0.954253002,0.3599291,0.810009301,0.42402405,0.666506792,0.515318715,0.948829872,0.36198631,118.0491691,0.386904432,0.323685745,"'1'"
0.417031665,0.011780255,0,0.341041655,0,0,0,0,0,0.019796209,0.00124659,0,0.089328946,0.038401668,0.40846903,113.4121702,44.85715154,68.55501866,158.2693217,170.3654559,65.01422918,105.3512268,235.3796851,55.134789,27.63359181,27.50119719,82.76838081,91.00066083,55.11200001,35.88866082,146.1126608,142.3358494,73.89774562,68.43810377,216.233595,43.22847157,39.74918269,3.479288878,82.97765426,5.769871679,3.075366577,172.8669606,27.21574611,170.3676604,65.01565405,5.747074814,3.049835203,182.3958529,36.65913732,142.3532513,73.90408524,0.937605264,0.444783835,0.721498685,0.578007519,0.748273677,0.55732505,0.967273689,0.43114133,37.4847565,0.512905705,0.287083552,"'1'"
0.509725576,0.005413934,0,0.289478372,0.028119706,0.002171684,0,0,0.006216833,0.005822121,0.009047245,0,0.078469861,0.02477836,0.145956992,106.3644056,31.56675552,74.79765005,137.9311611,161.5419104,45.38655328,116.1553571,206.9284636,37.41472315,21.15016654,16.26455661,58.5648897,86.81603277,49.83102886,36.98500391,136.6470616,140.3987161,67.09355052,73.30516556,207.4922666,30.52709272,35.44433909,-4.917246372,65.97143182,5.818583079,3.098979729,199.7204279,21.58434891,161.5448586,45.38488529,5.730597853,2.99739132,205.5949133,47.94725889,140.4158932,67.10281007,0.979832625,0.520216987,0.78635011,0.648217085,0.735080677,0.69342807,0.998685958,0.510396258,81.33926526,0.261064567,0.356035277,"'1'"
0.206589279,0.004333551,0.117341022,0.341737773,0.067484785,0.006939199,0,0.415271427,0.016162362,0.013099474,0,0,0.019504756,0.009603375,0.297386759,121.0428962,31.12293497,89.91996122,152.1658312,201.718345,44.91372715,156.8046179,246.6320722,51.17168822,25.7613589,25.41032932,76.93304711,62.75963705,54.89985957,7.859777483,117.6594966,117.51313,85.46273817,32.05039185,202.9758682,21.09298467,28.85141184,-7.758427173,49.94439651,5.720917528,3.103790399,190.1659845,26.76435844,201.7200443,44.91191427,5.544972585,2.872021605,209.0829343,64.06563019,117.5183343,85.46436277,0.962113849,0.214724358,0.787872316,0.262211623,0.727699229,0.283893772,0.991240121,0.208414969,28.09355426,0.262451017,0.43457566,"'1'"
0.346107712,0.007908674,0.070716319,0.339693541,0.037659669,0,0,0.532532934,0.009209435,0.012515682,0,0,0,0.006640013,0.101835526,128.1527088,58.26644538,69.88626337,186.4191541,179.5143228,81.05120692,98.46311587,260.5655297,41.62798704,25.36724109,16.26074596,66.99522813,78.55748555,63.40120977,15.15627578,141.9586953,121.6090995,90.80893819,30.80016129,212.4180377,18.96803365,25.38419294,-6.416159287,44.35222659,5.862063072,3.026606629,198.6556969,37.44703414,179.5285529,81.03349519,5.708993624,2.759732339,191.7952892,84.34887303,121.6165018,90.80367595,0.963804822,0.359105603,0.868502341,0.398510972,0.729271436,0.474593814,0.9849473,0.351397188,72.87391054,0.558417798,0.496572924,"'0'"
0.934261815,0.009104619,0.109418159,0.01042345,0.02157972,0.023098151,0,0,0,0.001481082,0.000671159,0,0,0.001383719,0.103740718,32.73402541,17.25201063,15.48201478,49.98603604,91.4304886,42.08992373,49.34056487,133.5204123,43.23592154,18.60785821,24.62806332,61.84377975,33.03540728,16.97106589,16.06434139,50.00647317,91.21297328,41.23013901,49.98283427,132.4431123,42.56651033,18.52572083,24.04078951,61.09223116,5.056851486,2.906796897,162.6427037,38.19438109,91.45078923,42.07724896,5.076101136,2.9011696,163.1412311,37.51359685,91.23213717,41.21795438,0.984061999,0.949393245,0.941629829,0.992175255,0.549168404,1.701230093,1.02787837,0.908922536,297.5476242,0.509215798,0.41767448,"'1'"
0.206095181,0.002665621,0.076090648,0.516881596,0,0,0,0,0,0.031222972,0.042960921,0.005041223,0.068531264,0.041866673,0.283403529,132.6776282,47.69925199,84.97837617,180.3768802,182.5736568,65.29489665,117.2787602,247.8685535,46.26559422,25.35705646,20.90853776,71.62265067,82.1874051,64.26164348,17.92576162,146.4490486,123.5864457,88.29819919,35.28824649,211.8846449,29.53592158,42.52762306,-12.99170148,72.06354464,5.910375737,3.096938871,192.5084211,21.21003944,182.575701,65.29440384,5.829716989,3.02079541,204.1960319,42.23817077,123.623402,88.29977093,0.975458263,0.211280368,0.824057817,0.250097962,0.756482997,0.272438616,0.986276205,0.208962946,21.21958664,0.110650026,0.144402523,"'1'"
0.365997221,0.006683388,0,0.297243067,0.030223904,0,0,0,0.003850112,0.026356029,0.037102036,0,0.001555158,0.010729942,0.157975972,127.5423631,33.87856398,93.66379914,161.4209271,183.0519729,43.37216544,139.6798074,226.4241383,42.77641224,27.19524801,15.58116423,69.97166026,69.93845207,60.12510085,9.813351218,130.0635529,110.2165795,85.97519088,24.24138864,196.1917704,20.44867383,26.01153766,-5.562863826,46.46021149,5.864967018,3.08978984,197.6292434,27.5028612,183.066709,43.38380265,5.552315505,2.548815642,166.3172328,95.98052759,110.2249737,85.97812494,0.95965828,0.381382861,0.842424416,0.434457043,0.672162836,0.54450678,0.986583608,0.370974358,99.08763726,0.31164133,0.297348292,"'1'"
0.291253748,0.00611655,0.134331193,0.231812023,0.024697313,0.08479655,0.009619386,0,0,0.006389608,0,6.1e-05,0.159633868,0.038615547,0.272165146,85.24757353,32.81623008,52.43134345,118.0638036,138.0554472,52.17555844,85.8798888,190.2310057,22.66310295,18.87874666,3.784356286,41.54184961,62.75290826,52.13439515,10.61851311,114.8873034,113.6191559,73.77235217,39.84680376,187.3915081,20.05683961,42.77244281,-22.7156032,62.82928242,5.805315846,3.082362354,215.6344884,24.03066504,138.077689,52.16846249,5.616177996,2.891686359,211.6147048,68.62131958,113.6561827,73.81389667,0.95946696,0.303557871,0.79055868,0.368415091,0.64299658,0.452963137,0.980256597,0.297119906,59.04644392,0.584047204,0.61771957,"'1'"
0.345101569,0.012358255,0.26083554,0.317061662,0,0,0,0,0,0.013119902,0,0,0,0.004527699,0.364587385,132.2348996,32.06889434,100.1660052,164.3037939,210.8728785,47.95912022,162.9137583,258.8319987,47.4855411,17.76287211,29.722669,65.24841321,89.0355879,52.3940412,36.6415467,141.4296291,143.6564827,82.18958663,61.46689603,225.8460693,30.45810577,20.9067758,9.551329971,51.36488158,5.778144786,3.082507605,196.8248385,18.89914029,210.8737014,47.95975054,5.781107047,3.071738146,203.8415305,24.2046362,143.6594858,82.18565652,0.915844746,0.376812304,0.653765843,0.527867236,0.466280946,0.7401151,0.943698447,0.365690512,262.2307083,0.486817581,0.430445269,"'0'"
0.72120242,0.01777934,0,0.079512027,0,0,0,0,0,0.000407241,0,0,0,0.000293703,0.142465986,3.572738895,9.286964647,-5.714225752,12.85970354,16.32567625,16.69236356,-0.366687306,33.01803981,4.964914061,10.92828393,-5.963369871,15.89319799,2.886336936,8.029591148,-5.143254211,10.91592808,13.24863428,15.28491808,-2.036283803,28.53355236,3.901154253,9.504121513,-5.60296726,13.40527577,5.06072953,2.78484092,201.9254246,76.12572479,16.34113923,16.68263884,5.017847059,2.707115489,194.9265742,85.50684188,13.26976621,15.27332933,0.981042749,0.735138628,0.84703346,0.851445019,0.70983584,1.01601297,0.997096683,0.723302397,45.52803709,0.164530369,0.280910053,"'0'"
0.477503501,0.012723157,0.536259767,0,0.055094595,0.115380506,0.209612956,0.000508813,0,0.000891866,0,0,0,0.000425869,0.224109701,10.69674239,17.75130039,-7.054557998,28.44804278,60.4985304,46.20548752,14.29304288,106.7040179,12.20552936,18.89914325,-6.69361389,31.10467261,7.466253524,13.62437941,-6.158125886,21.09063293,57.47312617,41.90872086,15.56440532,99.38184703,11.16813029,16.52061223,-5.352481944,27.68874252,5.108818202,2.85158627,205.9891617,73.4036692,60.53098402,46.16766392,5.136850665,2.952121374,224.3318844,55.11646576,57.48876586,41.88975749,0.803262807,0.594454887,0.565162833,0.844895442,0.33814985,1.412106204,0.842603743,0.566699953,159.8504224,0.184236256,0.21376813,"'0'"
0,0,0.844744642,0,0,0,0,0,0,0,0,0.000909615,0,0.000768392,0,0,0,0,0,0,0,0,0,0,0,0,0,6.929938529,15.57670206,-8.646763527,22.50664058,56.10528507,62.28700818,-6.181723112,118.3922933,14.98478522,24.14060551,-9.155820294,39.12539073,3.141592654,0,0,0,0,0,4.981176899,2.748650103,201.6039258,86.6101588,56.13054712,62.2657651,0,0,0,0,0,0,0,0,0,1,1,"'0'"
0.655868865,0.013692804,0,0.159837792,0.169642857,0,0,0,0.022344081,0.001516032,0,0,9.52e-05,0.001012074,0.323311431,39.60219638,16.80806906,22.79412733,56.41026544,116.4125699,40.43787217,75.9746977,156.850442,55.20348824,18.66115471,36.54233352,73.86464295,34.94407214,23.44675368,11.49731845,58.39082582,105.1734324,40.37669677,64.79673565,145.5501292,46.27229606,26.50748347,19.7648126,72.77977953,5.024310216,3.008365724,167.8756079,24.33180404,116.4156159,40.43675867,5.065104511,2.962490136,176.8973823,37.37340993,105.9707133,40.59479052,0.99299805,0.660493608,0.924143267,0.709704748,0.524290955,1.250963531,1.036763049,0.632612114,498.6650518,0.507150897,0.402122109,"'1'"
0.627751822,0.011145973,0.150430981,0,0.166071429,0.000694263,0,0.001008331,0,0.002226399,0,1.69e-05,0,0.001405235,0.168946856,33.70304827,20.87945419,12.82359408,54.58250245,92.93208839,39.62538887,53.30669953,132.5574773,46.78572871,21.70526228,25.08046643,68.49099099,33.99737977,24.97839795,9.018981822,58.97577772,96.33915635,36.83641811,59.50273824,133.1755745,44.19591112,26.18816836,18.00774276,70.38407948,4.998001104,2.967600716,161.63821,35.17415938,92.94589606,39.62796343,5.045161953,2.940634076,170.6980393,42.77590323,97.19071378,37.27984761,0.996484423,0.629966518,0.933003885,0.672828734,0.621847117,1.009495429,0.999417994,0.62811739,117.5907222,0.510027766,0.430068912,"'1'"
0.513163824,0.010500581,0.222048797,0.026313164,0.320580855,0.296221063,0.649788374,0.011156694,0,0.010177465,0,0.000262735,0,0.005281047,0.218597384,58.90581377,40.26754623,18.63826754,99.17336,89.52275061,57.55342875,31.96932185,147.0761794,67.96625664,42.13816629,25.82809035,110.1044229,53.65215858,38.40506242,15.24709617,92.057221,99.05825386,53.63826573,45.41998813,152.6965196,62.71030844,42.01353112,20.69677732,104.7238396,4.936629384,2.661875559,104.7621083,37.01688551,94.02289375,56.09973279,4.968364943,2.725265542,128.8505656,59.06649276,102.4659522,52.73852844,0.976520731,0.525502232,0.786487318,0.652475649,0.59667522,0.860038772,0.957203311,0.536107447,133.6379398,0.436548486,0.265132418,"'0'"
0.349533178,0.003493007,0.276586823,0.271268125,0,0,0,0,0,0.001795456,0,0.000314207,0.017130986,0.005280785,0.264403431,44.4217995,22.16508298,22.25671651,66.58688248,129.3285304,47.65893807,81.66959229,176.9874684,69.20480064,29.38704925,39.81775139,98.5918499,35.88383498,23.72054443,12.16329056,59.60437941,89.64574047,50.05265429,39.59308618,139.6983948,46.05845599,31.62468301,14.43377298,77.683139,4.957029832,2.974864657,166.3315712,30.36553493,129.3305226,47.65860491,5.122209586,2.883052216,156.0281183,34.75806531,89.67503429,50.02797807,0.981856182,0.355992236,0.821134499,0.425671042,0.621097782,0.562766747,0.99688398,0.350625735,100.6969069,0.263680854,0.301314489,"'1'"
0.325626839,0.007071828,0.119977507,0.311454924,0.027946915,0,0,0.021827233,0,0.002021285,0,0,0.105918481,0.033650078,0.082721835,29.59601928,16.69815096,12.89786833,46.29417024,107.372634,41.7530594,65.61957459,149.1256934,47.01056146,21.58297496,25.4275865,68.59353643,37.51555765,43.32544087,-5.809883216,80.84099852,116.1921348,52.10317911,64.08895574,168.295314,51.92740375,43.68670089,8.240702859,95.61410465,5.024331113,3.016738826,184.4749095,24.53006507,107.3734875,41.75603395,5.047642012,2.991726974,180.158445,40.58202621,116.1991361,52.12113902,0.979799014,0.332340444,0.784077553,0.415299275,0.652579278,0.498984338,0.978537095,0.332769029,96.90426143,0.491705142,0.493230415,"'0'"
0.381212268,0.006906432,0.221546178,0.40382279,0,0,0,0,0,0.00628788,0.016843767,0,0.009976413,0.00642572,0.367274617,45.64408097,24.83635879,20.80772218,70.48043975,139.3516096,43.75939896,95.59221066,183.1110086,69.74369408,26.14178807,43.60190601,95.88548215,35.92273217,24.85783563,11.06489654,60.7805678,97.55938357,49.80469184,47.75469173,147.3640754,47.42983138,30.27186674,17.15796465,77.70169812,4.967222094,3.011390736,171.8442203,28.52995617,139.3539486,43.76461935,5.093590221,2.925910417,164.9801932,33.55489218,97.5707717,49.80353809,0.959606637,0.39725889,0.774912098,0.491942594,0.64103532,0.594682158,0.980405896,0.388831064,75.36805577,0.174001731,0.377221544,"'1'"
0.443454948,0.012389252,0.31102006,0.197739242,0,0,0,0,0,0.000890532,0,0,0.10824751,0.021799691,0.082118617,41.7886129,14.81093058,26.97768232,56.59954348,130.0435718,28.71426087,101.3293109,158.7578326,61.0827119,16.48639796,44.59631394,77.56910985,41.94808606,35.33232426,6.6157618,77.28041032,114.7813143,47.91014751,66.87116678,162.6914618,54.02724579,36.5005412,17.52670459,90.52778699,5.011877399,3.015751083,173.4875736,21.00098408,130.04362,28.71446926,5.068599616,2.964766787,168.0073349,33.91966979,114.7844766,47.9187952,0.980992115,0.452047414,0.825115172,0.537446121,0.605985117,0.731791815,1.00093434,0.443040997,109.4277731,0.310093815,0.324978185,"'1'"
0.507012234,0.021698332,0.210044542,0.278094999,0,0,0,0,0,0.006871209,0,0,0.112580828,0.034791952,0.402120488,36.1795079,22.38373252,13.79577537,58.56324042,126.4940341,40.2626395,86.23139459,166.7566736,53.8732779,24.22799199,29.64528591,78.1012699,37.91403801,43.85389841,-5.939860403,81.76793642,112.9463962,58.37977247,54.56662374,171.3261687,50.28618486,44.84175116,5.444433698,95.12793601,5.03693235,3.045907766,183.6075582,22.5440443,126.4980375,40.2752643,5.064242152,2.989448074,176.6043299,39.70172508,112.9511137,58.39045871,0.968388179,0.523563014,0.879228894,0.576655564,0.644569672,0.786590273,0.981426038,0.516607685,109.5001197,0.311243874,0.332466652,"'0'"
0.438683472,0.010216648,0.184022275,0.377977768,0,0,0,0,0,0.001367773,0.011086709,0.010543003,0.013598587,0.005739983,0.250275087,38.35667366,20.94258361,17.41409004,59.29925727,111.0887243,58.08245942,53.00626492,169.1711838,57.31052474,27.26806344,30.0424613,84.57858818,35.92157499,24.57806304,11.34351195,60.49963803,98.08525176,51.86471871,46.22053305,149.9499705,47.4843199,29.14246096,18.34185894,76.62678085,4.962891248,2.94953644,163.5260141,34.19284565,111.1107992,58.06002208,5.064971095,2.9313321,164.7823398,33.61883647,98.09796544,51.85943327,0.965441751,0.454386266,0.775929111,0.5653654,0.53085932,0.826364831,0.982553761,0.446472742,140.7065502,0.604614428,0.460401973,"'1'"
0.551798822,0.006661478,0.123789432,0.317409956,0,0,0,0,0,0.001492385,0,0,0.014004107,0.005268539,0.312711493,37.85710171,16.50332101,21.35378069,54.36042272,110.2320574,39.43532417,70.79673322,149.6673816,52.36311212,21.4439511,30.91916102,73.80706322,34.36196182,21.39593077,12.96603105,55.75789259,100.0850895,37.69913956,62.38594995,137.7842291,45.78872269,25.0431167,20.74560599,70.83183939,5.062129312,2.984320373,167.3739863,26.50204845,110.2340516,39.43861558,5.088172967,2.973368302,171.4081021,29.04346933,100.0873304,37.70595253,0.98318022,0.561238734,0.839153046,0.65756637,0.686508718,0.803775405,1.017145737,0.542497306,88.80885154,0.128287697,0.355837679,"'1'"
0.483286009,0.019990365,0.070986087,0.333871274,0,0,0,0,0,0.00308485,0.002363761,0,0.068301192,0.024294671,0.127434438,28.97517625,18.08659798,10.88857828,47.06177423,84.55446872,27.91390626,56.64056246,112.468375,56.43842433,22.03258644,34.40583789,78.47101077,47.41253184,46.88800528,0.524526561,94.30053711,111.445037,61.51789045,49.92714653,172.9629274,56.42574758,39.28921641,17.13653117,95.71496399,4.734851995,2.981801013,168.0295849,29.70317029,84.56131643,27.92615899,4.948696834,2.821747891,170.3579362,40.17985194,111.4531587,61.52898608,0.950612841,0.508394152,0.823594675,0.586800793,0.639175598,0.756108353,0.995041281,0.485694431,110.6546094,0.273762643,0.278004749,"'1'"
0.627398854,0.003963479,0.335658931,0.040610774,0.022029555,0.03511252,0,0,0,0.005782079,0,0,0,0.003627669,0.151677885,32.454518,22.39118023,10.06333778,54.84569823,95.88530267,55.72736612,40.15793655,151.6126688,46.91921996,31.47261175,15.44660821,78.39183171,30.53647874,18.5192012,12.01727755,49.05567994,80.64900997,50.21936215,30.42964781,130.8683721,38.34286834,28.10651282,10.23635552,66.44938116,5.141617124,2.82935739,164.8147358,39.85525526,96.0500772,55.54990463,5.259099275,2.79298156,160.7065751,37.2395959,80.80719779,50.07562815,0.946245833,0.663040018,0.702607563,0.892957729,0.573962738,1.093100322,0.927338214,0.676558826,122.3086553,0.341738496,0.34205118,"'1'"
1,0.003931689,0,0,0,0,0,0,0,2.45e-05,0,0,0,2.45e-05,0.118877351,19.02726722,8.799344137,10.22792308,27.82661135,48.78204594,31.50251332,17.27953262,80.28455927,25.42980077,15.30977403,10.12002674,40.7395748,19.02726722,8.799344137,10.22792308,27.82661135,48.78204594,31.50251332,17.27953262,80.28455927,25.42980077,15.30977403,10.12002674,40.7395748,5.130923755,2.822964953,151.3167461,41.54351203,48.84700725,31.45719109,5.130923755,2.822964953,151.3167461,41.54351203,48.84700725,31.45719109,1.007190341,0.992860991,1.003585375,0.996427434,0.556931433,1.795553172,1.062703737,0.940996033,356.7923783,0.509016869,0.402562574,"'0'"
0.687017067,0.008684029,0.116932366,0.16805155,0,0,0,0,0,0.00186705,0.006697947,0,0.068731155,0.012833072,0.326012496,21.11108391,16.2585391,4.852544814,37.36962301,65.6051047,37.85461016,27.75049454,103.4597149,26.89714947,20.62776857,6.269380904,47.52491803,24.36560173,30.33040494,-5.964803211,54.69600668,85.39959468,55.81361567,29.58597901,141.2132103,34.25513996,34.26762739,-0.012487427,68.52276735,5.187339605,2.870765255,179.4028572,35.79499657,65.63332962,37.834325,5.147146054,2.900071151,186.1137711,41.16230146,85.4220648,55.8062758,0.995485402,0.690132739,0.853353235,0.80507935,0.644555406,1.065877442,1.031201165,0.666229918,101.015352,0.441084715,0.614335555,"'1'"
0.6723005,0.003408515,0,0.365536018,0,0,0,0,0,0.000318745,0,0,0,0.000214293,0.306301376,17.54022324,8.948216573,8.592006669,26.48843982,57.13052816,10.74918941,46.38133875,67.87971758,27.86696912,8.13655178,19.73041734,36.0035209,18.20056879,8.576147071,9.624421723,26.77671587,53.94772176,10.99248609,42.95523567,64.94020785,25.16638298,8.460392339,16.70599065,33.62677532,4.99202489,2.946482912,179.0217464,33.44358725,57.1315247,10.74944078,5.078595504,2.903644524,175.5635531,33.41462852,53.95053206,10.98952161,0.995990803,0.675006735,0.939178782,0.71583868,0.598315293,1.123655885,1.019492842,0.659446023,253.6691741,0.352804623,0.587677486,"'1'"
0.520795181,0.00600609,0.21345284,0.0819533,0.052347904,0.009757929,0,0.000175703,0.002372523,0,0,0,0,0,0.35733576,18.26903767,7.055496665,11.21354101,25.32453434,50.16991113,16.17216764,33.99774349,66.34207877,31.27061353,11.45372342,19.81689011,42.72433695,20.29946794,11.77117598,8.528291957,32.07064393,50.56743179,25.41253181,25.15489998,75.9799636,26.78397152,11.45932967,15.32464185,38.24330118,4.862827929,2.883582603,160.3056397,38.36583902,50.20290449,16.13380923,4.989620401,2.825251623,157.1336697,41.24171969,50.60470954,25.37948648,0.90684217,0.574295283,0.719923787,0.723403213,0.617815156,0.84296278,0.951810347,0.547162764,226.5016229,0.294868564,0.450687667,"'1'"
